<?xml version="1.0" encoding="UTF-8"?>
<project-private xmlns="http://www.netbeans.org/ns/project-private/1">
    <editor-bookmarks xmlns="http://www.netbeans.org/ns/editor-bookmarks/2" lastBookmarkId="0"/>
    <open-files xmlns="http://www.netbeans.org/ns/projectui-open-files/2">
        <group>
            <file>file:/S:/NetBeansProjects/OptTorg/src/programm/UpdZakZakaz.java</file>
            <file>file:/S:/NetBeansProjects/OptTorg/src/programm/TovGr.java</file>
            <file>file:/S:/NetBeansProjects/OptTorg/src/programm/Zakaz.java</file>
            <file>file:/S:/NetBeansProjects/OptTorg/src/programm/description</file>
            <file>file:/S:/NetBeansProjects/OptTorg/src/programm/Proda.java</file>
            <file>file:/S:/NetBeansProjects/OptTorg/src/programm/UpdZakProda.java</file>
            <file>file:/S:/NetBeansProjects/OptTorg/src/programm/MainForm.java</file>
        </group>
    </open-files>
</project-private>
